Популярные запросы,Kлики,Показы,CTR,Позиция
irepair,339,688,49.27%,2.41
замена аккумулятора iphone,129,1413,9.13%,6.12
замена аккумулятора iphone 13,92,3003,3.06%,5.36
замена батареи айфон 13,39,657,5.94%,7.91
ремонт айфонов москва,38,989,3.84%,8.13
замена аккумулятора айфон,37,460,8.04%,8.65
замена аккумулятора iphone 13 pro max,31,594,5.22%,6.39
ремонт iphone,27,2113,1.28%,10.51
замена аккумулятора iphone 12,26,857,3.03%,10.21
чистка клавиатуры macbook,26,481,5.41%,15.39
замена батареи айфон,26,447,5.82%,11
ремонт айфонов,23,1306,1.76%,8.58
ремонт iphone москва,20,685,2.92%,13.53
замена заднего стекла iphone 14 pro,20,387,5.17%,7.94
замена заднего стекла iphone 14 pro max,19,292,6.51%,10.72
замена аккумулятора iphone 11,17,853,1.99%,8.48
i repair,15,64,23.44%,3.25
замена аккумулятора iphone 13 pro,14,528,2.65%,9.11
замена батареи айфон 12,14,194,7.22%,4.74
face id цена,14,164,8.54%,8.72
замена экрана айфон 11,13,322,4.04%,12.42
iphone 13 замена аккумулятора,13,195,6.67%,6.67
поменять аккумулятор на iphone 13,12,557,2.15%,4.15
замена экрана макбук про 14,12,43,27.91%,2.93
замена батареи айфон 11,11,251,4.38%,10.74
замена задней крышки iphone 13 pro max,11,224,4.91%,8.18
замена аккумулятора iphone 13 москва,11,99,11.11%,4.2
замена аккумулятора iphone 14 pro,10,712,1.4%,7.43
hindisexbidio,10,15,66.67%,3
сервисный центр apple,9,829,1.09%,13.1
чистка динамика айфон,9,547,1.65%,10.19
замена аккумулятора iphone 7,9,248,3.63%,4.64
site:irepair.ru,9,152,5.92%,1.32
замена аккумулятора macbook pro 16 2019,9,62,14.52%,15.92
замена экрана айфон 13,8,390,2.05%,5.19
замена батареи iphone,8,377,2.12%,20.1
замена аккумулятора iphone 14 pro max,8,302,2.65%,10.03
замена стекла айфон 16 про макс,8,297,2.69%,30.44
замена стекла на айфон 13,8,247,3.24%,7.93
ремонт айфон москва,8,207,3.86%,8.14
замена заднего стекла iphone 15 pro max,8,158,5.06%,12.62
ремонт айфона,7,995,0.7%,7.31
замена акб iphone 13,7,588,1.19%,5.13
замена заднего стекла айфон 14 про макс,7,311,2.25%,29.03
замена корпуса айфон 15,7,298,2.35%,24.52
замена батареи macbook pro,7,269,2.6%,12.54
замена дисплея айфон 14 про макс,7,215,3.26%,28.9
замена аккумулятора айфон 13,7,208,3.37%,8.55
замена аккумулятора айфон 12,7,160,4.38%,6.96
замена аккумулятора iphone 13 pro оригинал,7,136,5.15%,5.32
замена дисплея айфон 13,6,429,1.4%,3.36
замена стекла на айфон 11,6,418,1.44%,12
замена задней крышки iphone 13,6,327,1.83%,9.7
замена матрицы макбук,6,310,1.94%,21.55
замена дисплея айфон 13 про,6,306,1.96%,31.46
замена аккумулятора macbook pro,6,293,2.05%,11.64
замена дисплея айфон 13 про макс,6,291,2.06%,21.91
ремонт айфона москва,6,254,2.36%,12.03
замена стекла айфон 16,6,224,2.68%,43.17
замена аккумулятора iphone 13 mini,6,218,2.75%,12.18
замена акб iphone 11,6,200,3%,7.86
чистка разъема зарядки iphone,6,186,3.23%,10.05
замена батареи айфон 13 про,6,152,3.95%,10.81
замена заднего стекла iphone 16 pro,6,120,5%,11.78
чистка клавиатуры macbook цена,6,84,7.14%,13.56
замена аккумулятора айфон 7,6,58,10.34%,6.74
замена аккумулятора macbook pro 14,6,44,13.64%,8.77
замена экрана макбук про 16,6,31,19.35%,13.77
ремонт apple,5,1003,0.5%,16
ремонт apple москва,5,448,1.12%,19.68
замена дисплея iphone 11,5,311,1.61%,15.08
замена акб iphone 12,5,288,1.74%,5.13
замена дисплея айфон 12,5,271,1.85%,9.94
замена аккумулятора на айфон,5,257,1.95%,9.65
замена дисплея айфон 16 про макс,5,246,2.03%,31.45
замена батареи iphone 13,5,225,2.22%,13
поменять батарею на айфон 13,5,221,2.26%,3.66
замена задней крышки айфон 13 про макс,5,217,2.3%,35.23
замена экрана айфон 13 про,5,211,2.37%,32.97
замена батареи на айфон 13,5,191,2.62%,7.49
замена аккумулятора iphone 11 москва,5,156,3.21%,29.64
замена аккумулятора apple watch 4,5,132,3.79%,7.75
замена акб айфон 12,5,126,3.97%,4.98
замена экрана iphone 14 pro max,5,126,3.97%,10.25
поменять аккумулятор на iphone,5,124,4.03%,4.32
замена аккумулятора macbook pro 13 2017,5,118,4.24%,7.53
замена аккумулятора на айфоне,5,115,4.35%,7.86
iphone замена аккумулятора,5,106,4.72%,8.82
замена батареи айфон 13 про макс,5,93,5.38%,5.56
замена аккумулятора iphone 14 pro оригинал москва,5,90,5.56%,7.81
iphone 11 замена дисплея,5,73,6.85%,17.44
замена аккумулятора на iphone,5,65,7.69%,11.92
замена аккумулятора apple watch 7 цена,5,51,9.8%,4.88
замена аккумулятора ipad air 4,5,46,10.87%,6.02
замена дисплея айфон 15 про,4,401,1%,16.85
починить айфон,4,393,1.02%,10.49
замена аккумулятора макбук,4,372,1.08%,14.61
замена стекла айфон 13,4,257,1.56%,34.29
замена аккумулятора iphone xs,4,253,1.58%,14.93
чистка динамиков айфон,4,245,1.63%,9.09
замена задней крышки iphone 14 pro,4,221,1.81%,7.39
замена стекла айфон 16 про,4,192,2.08%,46.62
замена стекла iphone 14 pro,4,183,2.19%,13.78
замена экрана айфон 16 про макс цена,4,182,2.2%,7.98
замена заднего стекла iphone 13 pro,4,148,2.7%,14.99
замена экрана макбук эйр 13,4,129,3.1%,18.16
дисплей не распознан айфон,4,119,3.36%,5.7
замена экрана iphone 16 pro max,4,115,3.48%,8.82
замена корпуса iphone 14 pro max,4,110,3.64%,13
замена экрана на айфон 13,4,105,3.81%,5.94
замена акб iphone xr,4,104,3.85%,14.33
замена экрана macbook pro 16,4,91,4.4%,14.64
замена корпуса iphone 15,4,87,4.6%,7.32
замена стекла на айфон 16 про,4,76,5.26%,7.45
замена экрана айфон 17,4,73,5.48%,9.79
замена аккумулятора iphone оригинал,4,67,5.97%,10.37
ремонт iphone маяковская,4,64,6.25%,7.91
замена акб айфон,4,62,6.45%,9.95
iphone 12 mini замена аккумулятора,4,60,6.67%,13.6
замена батареи на айфоне,4,52,7.69%,5.87
замена аккумулятора apple watch ultra,4,52,7.69%,6.27
замена батареи айфон 14 про макс,4,47,8.51%,7.77
iphone 14 pro замена аккумулятора,4,45,8.89%,9.78
замена экрана macbook pro 14,4,42,9.52%,7.52
замена дисплея macbook pro 14,4,41,9.76%,5.8
iphone замена батареи,4,22,18.18%,2.14
замена аккумулятора макбук про м1,4,11,36.36%,4.09
irepaire,4,6,66.67%,1
irepear,4,5,80%,1
ремонт айфон 11,3,688,0.44%,17.03
ремонт iphone 17,3,494,0.61%,9.35
ремонт iphone 14 pro max,3,372,0.81%,20.53
замена стекла iphone 11,3,346,0.87%,20.55
замена заднего стекла айфон 16 про,3,329,0.91%,42.62
замена аккумулятора iphone x,3,294,1.02%,22.08
замена заднего стекла айфон 14 про,3,294,1.02%,44.29
замена экрана айфон 13 про макс,3,265,1.13%,20.5
ремонт iphone 6s,3,250,1.2%,14.97
ремонт iphone air,3,244,1.23%,13.88
замена дисплея айфон 16 про,3,241,1.24%,33.98
замена аккумулятора iphone 13 цена,3,232,1.29%,6.94
заменить аккумулятор iphone 13,3,227,1.32%,3.78
замена экрана айфон 12,3,222,1.35%,5.79
замена батареи на айфон,3,220,1.36%,9.45
замена дисплея iphone 13,3,216,1.39%,8.29
замена дисплея айфон 12 про,3,210,1.43%,39.39
замена стекла айфон 14 про макс,3,208,1.44%,26.76
сервисный центр айфон москва,3,198,1.52%,12.62
замена задней крышки iphone 14 pro max,3,189,1.59%,6.87
замена заднего стекла iphone 14 pro цена,3,175,1.71%,12.75
face id iphone 12,3,173,1.73%,1.1
поменять стекло на айфон 13,3,170,1.76%,6.96
замена аккумулятора iphone москва,3,164,1.83%,17.43
замена аккумулятора macbook pro 13,3,157,1.91%,10.56
iphone 12 замена аккумулятора,3,156,1.92%,7.76
замена стекла iphone 16 pro max,3,154,1.95%,8.55
замена заднего стекла iphone 13 pro max,3,151,1.99%,15.63
поменять аккумулятор на айфон 12,3,151,1.99%,22.01
замена заднего стекла на айфон 13,3,145,2.07%,6.92
поменять батарею на айфон,3,145,2.07%,8.29
iphone 11 замена аккумулятора,3,124,2.42%,14.76
замена контроллера питания iphone 11,3,124,2.42%,15.65
замена экрана macbook air 13,3,123,2.44%,15.59
ремонт iphone оригинальные запчасти,3,118,2.54%,4.78
замена батареи iphone 13 pro,3,112,2.68%,20.54
iphone 7 замена аккумулятора,3,110,2.73%,4.29
починить айфон москва,3,107,2.8%,9.52
ремонт айфонов маяковская,3,102,2.94%,9.36
чистка iphone,3,95,3.16%,19.92
замена стекла iphone 17 pro max,3,90,3.33%,8.43
замена экрана айфон 12 цена,3,90,3.33%,8.5
замена экрана iphone 16 pro,3,85,3.53%,9.71
замена батареи айфон 12 мини,3,82,3.66%,5.89
замена стекла apple watch se,3,81,3.7%,4.77
замена дисплея iphone 15 pro,3,75,4%,10.68
замена дисплея на айфон 13 про,3,74,4.05%,6.66
замена аккумулятора iphone 13 pro max оригинал,3,71,4.23%,2.75
iphone 13 pro замена аккумулятора,3,69,4.35%,13.93
замена акб айфон 13 про макс,3,66,4.55%,4.48
замена акб iphone,3,61,4.92%,9.02
замена стекла эпл вотч се,3,59,5.08%,12.17
замена стекла ipad air 4,3,58,5.17%,13.17
замена экрана iphone 14 pro,3,58,5.17%,15.4
iphone 13 замена дисплея,3,57,5.26%,14.77
замена экрана iphone 16,3,53,5.66%,9.55
замена матрицы макбук эйр 13 цена,3,49,6.12%,2.63
замена порта зарядки iphone 13,3,49,6.12%,4.67
замена фейс айди айфон 12,3,48,6.25%,4.69
замена стекла на айфон 17 про,3,48,6.25%,8.67
замена аккумулятора iphone 13 mini оригинал,3,46,6.52%,2.28
iphone 13 pro max замена задней крышки,3,45,6.67%,6.96
замена матрицы macbook pro m1,3,45,6.67%,18.93
замена стекла на эпл вотч se цена,3,44,6.82%,2.75
замена дисплея айфон 17 про макс,3,41,7.32%,5.83
айфон перегрелся и не включается,3,41,7.32%,10.41
замена аккумулятора apple watch 5,3,41,7.32%,20.63
замена датчика приближения iphone 14 pro,3,38,7.89%,5.11
замена акб айфон 13 мини,3,36,8.33%,6
замена батарейки iphone,3,33,9.09%,2.24
замена аккумулятора iphone 13 про,3,33,9.09%,5.15
замена батарейки айфон,3,27,11.11%,2.41
поменять стекло на айфон 16,3,26,11.54%,5.69
замена стекла ipad pro 12.9 цена,3,25,12%,8.72
замена ssd macbook pro m1,3,22,13.64%,7.55
замена дисплея 14 про макс,3,21,14.29%,19.81
iphone 17 pro max замена экрана,3,18,16.67%,5.83
замена батареи макбук про 2019,3,18,16.67%,5.89
iphone 16 pro max замена стекла,3,17,17.65%,6.94
13 pro max замена акб,3,15,20%,4.2
замена батареи apple watch 4,3,12,25%,5.17
замена аккумулятора macbook pro 13 2020,3,10,30%,3.9
ремонт айфон в москве,2,1388,0.14%,14.96
ремонт apple watch,2,826,0.24%,13.1
ремонт iphone 11,2,743,0.27%,16.61
сколько стоит замена аккумулятора на айфон 11,2,667,0.3%,4.16
замена аккумулятора apple watch,2,620,0.32%,13.97
ремонт iphone 16 pro max,2,552,0.36%,15.72
ремонт iphone 14 pro,2,545,0.37%,21.11
ремонт macbook pro,2,513,0.39%,18.73
замена стекла iphone,2,462,0.43%,19.55
сколько стоит замена аккумулятора на айфон 12,2,418,0.48%,10.56
ремонт эпл,2,415,0.48%,13.74
сервисный центр айфон,2,403,0.5%,12
ремонт айфон 16,2,398,0.5%,20.13
ремонт айфона в москве,2,381,0.52%,11.02
замена аккумулятора iphone 12 pro,2,317,0.63%,19.1
замена стекла на айфон 12,2,315,0.63%,10.53
замена стекла айфон 14,2,310,0.65%,31.42
сервисный центр iphone,2,309,0.65%,10.79
ремонт часов apple watch,2,299,0.67%,21.74
сервисный центр apple москва,2,272,0.74%,12.55
ремонт iphone 17 pro max,2,264,0.76%,12.51
замена стекла айфон 14 про,2,251,0.8%,37.75
замена заднего стекла iphone 11,2,246,0.81%,18.17
замена дисплея айфон 12 про макс,2,241,0.83%,31.04
замена батареи iphone xr,2,239,0.84%,14.5
ремонт айпада,2,229,0.87%,15.35
замена экрана iphone 12,2,216,0.93%,10.19
замена экрана iphone 13,2,208,0.96%,11.66
замена экрана айфон 16 про макс,2,204,0.98%,31.8
замена батареи макбук,2,188,1.06%,16.9
сколько стоит поменять аккумулятор на айфон,2,180,1.11%,9.82
замена аккумулятора macbook air,2,179,1.12%,16.97
замена задней крышки iphone 12,2,179,1.12%,17.06
замена дисплея iphone 13 pro max,2,177,1.13%,11.45
сервис айфон,2,170,1.18%,12.28
поменять батарею на айфон 11,2,168,1.19%,5.55
сколько стоит заменить батарею на айфон 11,2,166,1.2%,7.95
замена экрана макбук,2,163,1.23%,11.9
поменять аккумулятор на iphone 11,2,162,1.23%,3.95
ремонт 11 айфона,2,160,1.25%,13.63
замена аккумулятора iphone 6s,2,160,1.25%,14.7
чистка айфона,2,158,1.27%,12.11
замена аккумулятора iphone 12 оригинал,2,153,1.31%,6.01
аккумулятор на айфон 11,2,152,1.32%,9.38
замена батареи на айфон 11,2,151,1.32%,9.6
iphone xr замена аккумулятора,2,143,1.4%,14.73
замена дисплея айфон 11,2,139,1.44%,14.38
замена аккумулятора iphone 14 pro оригинал,2,134,1.49%,3.78
замена аккумулятора айфон 11 цена,2,131,1.53%,9.95
замена стекла iphone 13 pro max цена,2,131,1.53%,11.46
замена дисплея iphone 15 pro max,2,130,1.54%,21.38
замена батареи на айфон 7,2,129,1.55%,7.6
замена аккумулятора ipad pro 11,2,128,1.56%,21.31
замена аккумулятора iphone 13 оригинал,2,126,1.59%,3.9
замена дисплея iphone 14 pro,2,126,1.59%,11.29
замена экрана macbook air m1,2,122,1.64%,14.66
apple ремонт,2,121,1.65%,10.79
iphone 13 замена акб,2,117,1.71%,7.33
замена экрана iphone 14 pro цена,2,116,1.72%,12.37
замена заднего стекла iphone 13 mini,2,116,1.72%,23.13
замена заднего стекла iphone 16 pro max,2,115,1.74%,10.12
iphone 11 ремонт,2,114,1.75%,10.97
замена аккумулятора на iphone 13,2,112,1.79%,7.95
замена стекла iphone 14 pro max цена,2,112,1.79%,9.26
замена дисплея айфон 13 мини,2,112,1.79%,46.14
сервис apple,2,110,1.82%,9.2
замена стекла на айфон 16 про макс,2,109,1.83%,6.57
замена аккумулятора iphone 13 pro цена,2,104,1.92%,18.62
замена стекла iphone 15 pro,2,103,1.94%,12.58
ремонт айфона 13,2,102,1.96%,17.11
замена аккумулятора на макбуке,2,101,1.98%,11.44
замена матрицы macbook air m1,2,100,2%,22.74
замена стекла iphone 15 pro max,2,98,2.04%,13.4
сколько стоит поменять стекло на айфон 16,2,97,2.06%,5.94
замена экрана iphone 12 mini,2,96,2.08%,12
замена акб iphone 13 pro,2,93,2.15%,8.89
замена дисплея iphone 16 pro max,2,91,2.2%,9.75
iphone 13 pro замена дисплея,2,91,2.2%,13.56
iphone 13 замена батареи,2,90,2.22%,8.04
замена акб iphone 13 pro max,2,90,2.22%,8.16
замена акб на айфон 12,2,85,2.35%,6.2
замена корпуса iphone 13 pro max,2,82,2.44%,9.28
заменить аккумулятор айфон 13,2,81,2.47%,10.88
заменить батарею на айфон,2,80,2.5%,4.06
заменить батарею на айфон 7,2,79,2.53%,5.28
замена заднего стекла iphone 16,2,77,2.6%,15.49
iphone 13 mini замена аккумулятора,2,74,2.7%,3.36
замена платы на айфон 13,2,74,2.7%,7.26
ремонт дисплея айфон 12,2,73,2.74%,15.27
замена экрана macbook air m1 цена,2,71,2.82%,2.28
ремонт apple watch ultra,2,71,2.82%,8.8
ремонт мак,2,69,2.9%,15.86
сколько стоит замена экрана на макбуке,2,69,2.9%,19.59
замена батареи айфон 7,2,68,2.94%,4.71
замена матрицы айфон 12,2,66,3.03%,15.26
замена дисплея iphone 17 pro max,2,63,3.17%,8.6
замена термопасты macbook pro 16 2019,2,61,3.28%,7.74
замена стекла на айфоне,2,61,3.28%,13.44
замена экрана макбук эйр м1,2,60,3.33%,17.82
замена акб iphone 12 pro max,2,58,3.45%,6.66
замена экрана iphone 17 pro max,2,58,3.45%,6.9
айфон 11 замена батареи,2,58,3.45%,9.34
ремонт face id iphone 15,2,53,3.77%,8.02
замена крышки айфон 13,2,52,3.85%,7.62
где поменять аккумулятор на айфон,2,52,3.85%,8.5
iphone сервисный центр,2,51,3.92%,8.94
замена экрана 16 про макс,2,50,4%,6.5
замена стекла айфон 17 про макс,2,49,4.08%,6.35
поменять стекло на 11 айфон,2,48,4.17%,9
айфон нагрелся и не включается,2,48,4.17%,10.1
замена матрицы macbook pro 14,2,48,4.17%,21.25
айфон 7 замена аккумулятора,2,47,4.26%,4.15
замена экрана iphone 17,2,47,4.26%,9.51
замена экрана iphone 17 pro,2,46,4.35%,8.07
замена экрана на iphone 13 pro,2,44,4.55%,2.84
замена дисплея macbook pro 16,2,44,4.55%,30.2
полировка экрана iphone,2,43,4.65%,11.05
замена стекла ipad pro 12.9,2,43,4.65%,11.51
неизвестная деталь айфон дисплей,2,42,4.76%,4.52
замена батареи на айфон 13 про макс,2,42,4.76%,12.14
замена экрана айфон 11 москва,2,41,4.88%,9.59
поменять аккумулятор на iphone 13 pro max,2,40,5%,3.67
замена стекла на apple watch se,2,40,5%,3.8
замена клавиш на макбуке,2,37,5.41%,16.51
замена заднего стекла на айфон 14 про,2,37,5.41%,20.46
сколько стоит ремонт фейс айди,2,35,5.71%,2.63
замена батарейки в айфоне,2,34,5.88%,24.91
замена экрана 13 про макс,2,33,6.06%,3.03
замена дисплея макбук эйр м1,2,32,6.25%,7.41
айфон замена аккумулятора цена,2,30,6.67%,8.9
macbook pro замена батареи,2,30,6.67%,26.13
заменить батарею на айфон 13,2,29,6.9%,5.9
iphone x замена батареи,2,29,6.9%,12.14
замена экрана 17 про макс,2,28,7.14%,5.61
замена экрана iphone 14 pro max цена,2,27,7.41%,10.44
замена аккумулятора iphone 4s,2,27,7.41%,12.59
замена стекла apple watch 10,2,26,7.69%,3.38
замена аккумулятора macbook pro m1,2,26,7.69%,5.54
замена крышки айфон 13 про макс,2,26,7.69%,6.62
замена матрицы айфон 14 про макс,2,24,8.33%,4.79
замена аккумулятора 14 pro,2,24,8.33%,8.17
замена аккумулятора iphone 14 оригинал,2,23,8.7%,4.87
замена экрана айфон 15 про макс цена,2,23,8.7%,14.17
айфон 13 про замена батареи,2,22,9.09%,3.77
заменить аккумулятор iphone 13 pro,2,22,9.09%,8.41
замена дисплея на айфон 16 про макс,2,21,9.52%,5.19
iphone 15 pro max замена дисплея,2,21,9.52%,12.57
ремонт айфон маяковская,2,21,9.52%,31.76
замена дисплея 17 про макс,2,20,10%,4.45
замена материнской платы айфон 15,2,20,10%,10.3
замена задней панели айфон 14 про,2,19,10.53%,9.37
замена дисплея iphone 16,2,19,10.53%,14.21
ремонт айфонов мск,2,18,11.11%,6.22
замена аккумулятора iphone 14 pro без ошибки,2,18,11.11%,7.11
замена акб на айфоне,2,17,11.76%,2.71
замена заднего стекла 15 про макс,2,17,11.76%,9
дисплей не распознан,2,13,15.38%,2.92
смена аккумулятора айфон,2,13,15.38%,6.62
замена батареи айфон 13 оригинал,2,12,16.67%,4.33
заменить батарею macbook pro,2,12,16.67%,15.92
когда нужно менять аккумулятор на айфоне 13,2,11,18.18%,1
ремонт корпуса айфона,2,11,18.18%,5.55
i-repair,2,10,20%,1.3
замена заднего стекла 14 про,2,10,20%,3.9
айфон 14 замена заднего стекла,2,9,22.22%,3.67
замена стекла apple watch se 2,2,9,22.22%,5.33
где поменять аккумулятор на айфон оригинал,2,9,22.22%,6.44
поменять стекло на айфон 15 про макс,2,9,22.22%,8.11
iphone 14 pro max замена стекла,2,8,25%,5.62
поменять акб айфон 13,2,6,33.33%,4.5
аккумулятор iphone 11 замена,2,6,33.33%,8.33
замена задний крышки айфон 13,2,5,40%,7
iphone 17 замена экрана,2,5,40%,9.4
замена touchpad macbook pro,2,5,40%,11.6
ssd macbook a1502,2,5,40%,12.2
замена дисплея на айфон 17 про макс,2,4,50%,1.25
itepair,2,2,100%,1
ремонт iphone в москве,1,1890,0.05%,14.14
сколько стоит замена аккумулятора на айфон 13,1,1631,0.06%,2.31
сколько стоит поменять аккумулятор на айфон 13,1,959,0.1%,4.01
ремонт iphone 12,1,795,0.13%,19.44
ремонт айфон 12,1,659,0.15%,17.94
ремонт iphone 11 pro,1,650,0.15%,23.24
ремонт iphone 16,1,609,0.16%,17.86
ремонт iphone 14,1,602,0.17%,20.3
repair,1,577,0.17%,8.43
диагностика айфона цена,1,570,0.18%,17.7
ремонт iphone 12 pro,1,565,0.18%,19.15
ремонт айфон 11 про,1,553,0.18%,22.74
замена дисплея iphone,1,518,0.19%,22.38
ремонт айфон 14 про макс,1,496,0.2%,20.6
ремонт айфон 14 про,1,451,0.22%,22.24
ремонт айфон,1,444,0.23%,9.37
ремонт матрицы macbook pro,1,440,0.23%,24.79
ремонт айфон 13,1,430,0.23%,23.39
замена матрицы macbook,1,428,0.23%,18.16
ремонт айпад,1,386,0.26%,12.57
ремонт айфон 16 про макс,1,386,0.26%,17.93
ремонт айфонов в москве,1,382,0.26%,10.68
замена корпуса айфон 11,1,378,0.26%,25.39
замена заднего стекла iphone 13,1,374,0.27%,6.89
ремонт iphone 15,1,370,0.27%,29.03
починка айфона,1,365,0.27%,9.64
ремонт iphone 13 pro,1,342,0.29%,26.76
ремонт iphone 17 air,1,336,0.3%,16.18
замена аккумулятора iphone xr,1,328,0.3%,18.66
ремонт iphone xs,1,315,0.32%,8.93
замена батареи macbook,1,312,0.32%,19.35
замена аккумулятора на айфон 13,1,312,0.32%,32.88
замена заднего стекла айфон 16,1,305,0.33%,45.71
замена аккумулятора на айфон 13 про,1,303,0.33%,40.73
сколько стоит замена аккумулятора на айфон,1,298,0.34%,7.09
замена заднего стекла айфон 12 мини,1,287,0.35%,30.67
замена стекла айфон,1,285,0.35%,12.73
репаир,1,279,0.36%,6.92
замена батареи macbook pro 2017,1,279,0.36%,23.95
ремонт матрицы macbook,1,263,0.38%,19.52
замена стекла айфон 11,1,262,0.38%,33.72
сервисный центр эпл,1,256,0.39%,12.16
замена аккумулятора на айфон 13 про макс,1,256,0.39%,21.38
замена корпуса айфон 16,1,256,0.39%,34.38
замена дисплея макбук,1,253,0.4%,28.97
ремонт айфон 12 цена,1,241,0.41%,18.28
замена аккумулятора apple watch цена,1,241,0.41%,22.17
замена дисплея macbook pro,1,240,0.42%,12.97
замена корпуса айфон 12,1,240,0.42%,37.57
ремонт эппл москва,1,237,0.42%,11.39
ремонт apple watch в москве,1,234,0.43%,19.72
замена стекла айфон 12,1,234,0.43%,33.89
ремонт macbook pro москва,1,234,0.43%,38.06
замена батареи на айфон 12,1,232,0.43%,18.31
замена экрана айфон 16,1,232,0.43%,32.8
замена аккумулятора iphone 14,1,229,0.44%,30.62
ремонт apple watch se,1,226,0.44%,9.87
замена камеры на айфон 13,1,223,0.45%,14.81
замена корпуса айфон 14 про макс,1,223,0.45%,34.09
замена матрицы на макбуке,1,220,0.45%,28.22
где починить айфон,1,218,0.46%,9.34
замена стекла iphone 13,1,217,0.46%,14
замена экрана iphone xr,1,216,0.46%,10.74
замена стекла камеры iphone 13,1,215,0.47%,14.99
замена заднего стекла айфон 14,1,215,0.47%,57.11
замена корпуса айфон 14,1,211,0.47%,40.62
замена аккумулятора айфон цена,1,209,0.48%,28.25
ремонт apple watch москва,1,206,0.49%,19.99
замена заднего стекла iphone 12 mini,1,202,0.5%,12.76
замена аккумулятора на айфон 11,1,200,0.5%,33.69
сколько стоит поменять гнездо на айфон 11,1,195,0.51%,6.46
замена корпуса айфон 12 про,1,195,0.51%,56.68
чистка динамика iphone,1,193,0.52%,12.21
ремонт айфон 7,1,192,0.52%,14.32
замена экрана iphone 12 цена,1,191,0.52%,10.72
москва ремонт айфонов,1,190,0.53%,12.14
замена аккумулятора iphone 8,1,190,0.53%,16.69
замена стекла apple watch,1,190,0.53%,21.45
замена дисплея айфон,1,189,0.53%,14.24
замена стекла камеры айфон 14 про,1,189,0.53%,54.62
замена экрана айфон 14 про макс,1,188,0.53%,29.26
замена экрана айфон 16 про,1,187,0.53%,35.4
замена аккумулятора ipad 4,1,186,0.54%,12.62
замена корпуса айфон 13 про макс,1,185,0.54%,20.49
замена заднего стекла айфон 13 про,1,185,0.54%,41.37
замена дисплея iphone 12,1,179,0.56%,7.75
замена аккумулятора на айфон цена,1,178,0.56%,11.2
замена акб айфон 13,1,176,0.57%,4.59
замена дисплея айфон 16,1,174,0.57%,52.96
замена батареи macbook pro 13 2017,1,172,0.58%,33.71
замена стекла на айфон 13 про макс,1,171,0.58%,8.15
замена дисплея айфон 15 про макс,1,169,0.59%,37.99
ремонт аудиокодека iphone 7,1,168,0.6%,7.23
ремонт айфонов в москве недорого,1,168,0.6%,9.13
замена аккумулятора iphone 10,1,168,0.6%,18.72
прочистка динамика айфон,1,165,0.61%,9.27
замена разъема зарядки iphone 11,1,165,0.61%,15.63
ремонт ipad air 2,1,164,0.61%,9.28
ремонт утопленного айфона,1,163,0.61%,13.04
сервис эпл,1,163,0.61%,13.39
ремонт айфон 6,1,158,0.63%,11.76
замена экрана макбук про,1,155,0.65%,14.67
ремонт экрана айфон,1,150,0.67%,13.38
замена контроллера питания iphone 6,1,149,0.67%,15.43
очистка динамиков айфон,1,147,0.68%,8.93
ремонт аудиокодека iphone 7 цена,1,147,0.68%,10.95
починка айфона 11,1,144,0.69%,15.85
замена экрана iphone 13 pro,1,143,0.7%,7.1
ремонт камеры айфон,1,143,0.7%,12.83
замена корпуса iphone xs,1,141,0.71%,13.06
замена аккумулятора iphone 7 plus,1,141,0.71%,17.91
замена экрана айфон 11 цена,1,137,0.73%,19.61
замена корпуса айфон 11 про,1,137,0.73%,40.64
вода попала в разъем для зарядки айфон,1,136,0.74%,9.9
замена заднего стекла айфон 13 мини,1,136,0.74%,53.16
ремонт экрана айфона,1,135,0.74%,9.64
замена задней крышки iphone 13 pro,1,134,0.75%,11.07
iphone 11 замена экрана,1,134,0.75%,20.66
срочный ремонт макбука,1,133,0.75%,10.72
замена батареи iphone 13 pro max,1,133,0.75%,16.65
ремонт айфона 12,1,132,0.76%,14.05
замена камеры iphone 13 pro,1,132,0.76%,20.37
замена дисплея айфон хр,1,131,0.76%,10.98
iphone замена экрана,1,131,0.76%,16.39
замена face id iphone x,1,131,0.76%,16.77
замена матрицы macbook pro 15,1,131,0.76%,18.4
замена батареи iphone 11,1,130,0.77%,12.67
сколько стоит замена экрана на айфон 13,1,129,0.78%,5.89
замена динамика iphone 11,1,129,0.78%,6.95
сколько стоит замена экрана на айфон xr,1,129,0.78%,9.57
не щелкает кнопка блокировки на iphone 13,1,128,0.78%,1.42
айфон включается и выключается,1,127,0.79%,12.22
замена аккумулятора на айфон 14,1,127,0.79%,55.99
замена экрана на айфон 11,1,124,0.81%,15.73
замена дисплея iphone 11 цена,1,124,0.81%,16.52
замена аккумулятора iphone 14 plus,1,123,0.81%,19.07
apple watch замена аккумулятора,1,120,0.83%,7.17
чистка динамиков iphone,1,120,0.83%,14.84
замена экрана айфон 12 мини,1,120,0.83%,44.24
замена микрофона айфон 13,1,119,0.84%,11.98
замена матрицы macbook pro 13,1,119,0.84%,12.87
ремонт телефонов apple,1,118,0.85%,16.81
заменить стекло на айфон 12,1,117,0.85%,12.66
замена стекла айфон 13 цена,1,117,0.85%,12.8
сколько стоит поменять экран на айфон xr,1,116,0.86%,9.37
айфон 13 замена аккумулятора,1,114,0.88%,9.15
замена экрана айфон 12 про макс,1,113,0.88%,44.03
truedepth camera,1,112,0.89%,7.12
замена стекла на айфон 14 про,1,111,0.9%,8.25
замена аккумулятора айпад,1,111,0.9%,15.86
замена заднего стекла iphone 15 pro,1,110,0.91%,14.69
замена клавиатуры макбук,1,110,0.91%,44.75
замена экрана айфон москва,1,108,0.93%,9.83
поменять аккумулятор на айфон 7,1,107,0.93%,4.62
ремонт macbook москва,1,107,0.93%,22.75
замена аккумулятора iphone 11 оригинал,1,107,0.93%,23.56
замена батареи на айфон 13 цена,1,106,0.94%,8.35
замена экрана айфон 16 плюс,1,106,0.94%,39.41
поменять экран на айфон 11,1,105,0.95%,12.82
замена стекла iphone 16 pro,1,105,0.95%,13.98
поменять аккумулятор на iphone 12,1,104,0.96%,4.43
замена аккумулятора айфон хр,1,104,0.96%,6.73
замена стекла камеры iphone 13 pro max,1,103,0.97%,14.79
замена стекла на 14 про макс,1,102,0.98%,10.81
замена дисплея на айфон 12,1,102,0.98%,11.84
ремонт iphone 6s plus,1,101,0.99%,12.65
цены на ремонт айфона,1,101,0.99%,12.78
замена акб айфон 11,1,100,1%,11.11
ipad ремонт,1,100,1%,11.67
замена матрицы iphone,1,100,1%,13.8
айфон 12 замена аккумулятора,1,99,1.01%,4.89
замена дисплея iphone 14,1,98,1.02%,15.56
замена матрицы макбук про 13,1,98,1.02%,16.19
чистка клавиатуры макбук,1,97,1.03%,14.81
замена клавиатуры макбук про,1,97,1.03%,18.45
замена экрана iphone xr оригинал цена,1,96,1.04%,10.57
поменять стекло айфон 11,1,96,1.04%,12.66
поменять аккумулятор на айфон 11,1,92,1.09%,13.16
замена переднего стекла на айфон 11,1,92,1.09%,14.48
замена дисплея на айфон 13,1,91,1.1%,4.79
macbook замена ssd,1,91,1.1%,12.36
замена батареи айфон 14 про,1,90,1.11%,5.56
замена батареи айфон 11 цена,1,90,1.11%,11.03
замена стекла на iphone 13 pro max,1,90,1.11%,11.46
замена аккумулятора айфон 13 про макс,1,90,1.11%,13.42
ремонт iphone 6 plus,1,90,1.11%,14.81
ремонт iphone 5s,1,90,1.11%,36.24
замена акб iphone 7,1,89,1.12%,5.26
замена аккумулятора ipad 6,1,89,1.12%,7.58
замена батареи на айфон хр,1,89,1.12%,9.17
замена камеры iphone 13 pro max,1,89,1.12%,15.76
замена камеры iphone xs,1,89,1.12%,17.48
заменить батарею на айфон 11,1,88,1.14%,9.26
замена стекла ipad pro,1,88,1.14%,10.69
сколько стоит починить экран макбука,1,85,1.18%,12.13
замена динамика iphone 13 pro max,1,85,1.18%,12.14
замена батареи iphone 7,1,84,1.19%,6.85
замена аккумулятора айфон 13 про,1,84,1.19%,12.36
замена матрицы macbook air 13,1,83,1.2%,28.16
замена экрана айфон 13 цена,1,82,1.22%,9.67
замена дисплея apple watch,1,82,1.22%,21.65
замена дисплея macbook pro 13,1,80,1.25%,5.1
замена экрана айфон 17 про макс,1,80,1.25%,7.49
ремонт айфона цена,1,80,1.25%,19.61
замена защитного стекла на айфон 13,1,79,1.27%,5.82
сколько стоит поменять корпус на айфон 11,1,79,1.27%,9.29
замена аккумулятора на iphone xr,1,79,1.27%,9.96
замена камеры айфон 14 про,1,78,1.28%,4.58
замена микрофона iphone 14 pro,1,78,1.28%,12.51
поменять экран на айфон 12,1,78,1.28%,13.49
ipad pro замена экрана,1,78,1.28%,14.33
замена батареи айфон 8,1,78,1.28%,18.88
ремонт айфона замена экрана,1,77,1.3%,8.88
замена стекла камеры айфон 13 про,1,77,1.3%,19.81
face id ремонт,1,76,1.32%,19.87
замена аккумулятора iphone 8 цена,1,76,1.32%,21.72
поменять дисплей на айфон 13,1,75,1.33%,7.79
попала влага в разъем для зарядки айфон,1,75,1.33%,10.68
где у айфона микрофон,1,74,1.35%,1.64
сколько стоит замена батареи айфон 13,1,74,1.35%,10.82
замена батареи ipad,1,74,1.35%,11.22
ремонт apple watch 7,1,73,1.37%,9.6
замена батареи iphone 12 mini,1,73,1.37%,14.01
замена экрана на макбуке,1,73,1.37%,21.62
iphone 12 pro max замена дисплея,1,73,1.37%,28.71
замена корпуса iphone 16 pro max,1,72,1.39%,6.94
замена экрана на айфон 12,1,72,1.39%,7.75
замена акб iphone 12 pro,1,72,1.39%,10.24
замена заднего стекла iphone 14,1,72,1.39%,16.5
замена дисплея iphone 17,1,71,1.41%,11.14
как отвязать мак от apple id,1,70,1.43%,5.89
macbook air m1 замена ssd,1,69,1.45%,14.38
замена экрана на телефоне iphone,1,68,1.47%,14.24
замена батареи iphone 6s,1,68,1.47%,17.06
замена акб iphone 14 pro,1,67,1.49%,8.42
замена экрана айфон 14 цена,1,67,1.49%,11
сколько стоит замена задней крышки на айфон 14 про макс,1,67,1.49%,16.03
замена батарейки на айфон 11 цена,1,66,1.52%,6.94
замена корпуса iphone 13 mini,1,66,1.52%,11.74
ремонт ipad pro 12.9,1,66,1.52%,11.89
замена стекла на 14 про,1,65,1.54%,8.09
iphone 11 замена аккумулятора цена,1,65,1.54%,10.35
поменять стекло на айфон,1,65,1.54%,10.65
ремонт аккумулятора айфон 11,1,65,1.54%,13
замена аккумулятора iphone 15,1,65,1.54%,14.88
замена аккумулятора iphone 6 s,1,64,1.56%,14.45
замена матрицы макбук эйр 13,1,64,1.56%,18.2
замена камеры iphone 14 pro max,1,64,1.56%,18.94
чистка разъема зарядки iphone цена,1,63,1.59%,3.9
поменять аккумулятор айфон 12,1,63,1.59%,4.56
замена батареи iphone xs max,1,63,1.59%,10.16
замена дисплея айфон 14,1,63,1.59%,15.94
замена заднего стекла iphone 13 pro цена,1,62,1.61%,15.27
ремонт матрицы айфон 11,1,62,1.61%,23.66
ремонт apple iphone 14 pro,1,61,1.64%,11.57
замена аккумулятора macbook air m1,1,61,1.64%,20.1
замена экрана айфон 13 про цена,1,60,1.67%,5.12
замена акб макбук,1,60,1.67%,9.93
ремонт айфона 8,1,60,1.67%,10.15
iphone 16 pro замена дисплея,1,60,1.67%,10.98
айфон выключается после падения,1,59,1.69%,12.37
продувка динамика айфон,1,59,1.69%,13.39
замена дисплея iphone 13 pro,1,59,1.69%,16.08
iphone 11 замена заднего стекла,1,59,1.69%,18.76
замена задней крышки iphone 16 pro max,1,59,1.69%,25.69
сколько стоит заменить акб на айфон 11,1,58,1.72%,3.55
как отвязать macbook от apple id,1,58,1.72%,5.98
замена дисплея iphone 12 цена,1,58,1.72%,8.14
замена акб на айфон,1,57,1.75%,4.16
ремонт динамика айфон 11,1,57,1.75%,16.3
замена аккумулятора айфон 11 про,1,57,1.75%,17
irepair отзывы,1,56,1.79%,4.09
iphone ремонт москва,1,56,1.79%,8.73
iphone 12 замена заднего стекла,1,56,1.79%,12.93
стоимость замены дисплея айфон 11,1,56,1.79%,13.23
замена матрицы на айфон 13,1,55,1.82%,5.55
поменять аккумулятор на айфон 13,1,55,1.82%,9.33
замена дисплея macbook air 13,1,55,1.82%,26.2
замена акб айфон xs,1,54,1.85%,7.91
замена микрофона iphone 14 pro max,1,54,1.85%,9.33
замена контроллера питания iphone 12,1,54,1.85%,9.43
заменить аккумулятор iphone 12,1,54,1.85%,10.04
замена разъема зарядки iphone 13 pro max,1,54,1.85%,11.39
замена аккумулятора на айфон 8 плюс,1,54,1.85%,14.74
где заменить аккумулятор на айфоне,1,53,1.89%,6.75
прочистка динамиков айфон,1,53,1.89%,7.26
где заменить аккумулятор iphone,1,53,1.89%,10.94
замена батареи ipad pro,1,53,1.89%,12.64
замена стекла камеры iphone 14 pro,1,53,1.89%,14.83
заменить аккумулятор айфон,1,52,1.92%,4.21
сервис по починке айфонов,1,52,1.92%,11.04
заменить аккумулятор iphone 11,1,51,1.96%,7.1
замена заднего стекла iphone 14 pro max цена,1,51,1.96%,9.55
замена камеры на айфон 14 про,1,51,1.96%,11.69
замена аккумулятора apple watch 6,1,51,1.96%,11.76
замена батареи айфон 7 цена,1,50,2%,5.22
сколько стоит почистить динамики на айфоне,1,50,2%,7.08
замена стекла камеры iphone 16,1,50,2%,12.04
ремонт iphone 12 москва,1,50,2%,12.2
замена оригинального аккумулятора iphone,1,50,2%,14.46
замена аккумулятора айфон 8,1,49,2.04%,12.22
авторизированный сервис эпл,1,49,2.04%,12.53
ремонт микрофона айфон 11,1,49,2.04%,12.71
ipad air 2 замена аккумулятора,1,49,2.04%,15.43
замена батарейки на айфоне,1,48,2.08%,3.88
поменять батарею на айфоне,1,48,2.08%,3.94
iphone 12 замена батареи,1,48,2.08%,5.79
замена стекла на айфон 16 цена,1,48,2.08%,7.83
замена корпуса iphone 15 pro,1,48,2.08%,10.4
очистка динамика айфон,1,48,2.08%,11.08
замена аккумулятора ipad pro,1,48,2.08%,25.35
замена заднего стекла iphone 14 цена,1,47,2.13%,5.34
материнская плата айфон 14,1,47,2.13%,7.66
замена камеры на айфон 14,1,47,2.13%,7.89
iphone 12 замена аккумулятора цена,1,47,2.13%,8.21
замена аккумулятора ipad mini 4,1,47,2.13%,10
замена ssd macbook pro 2019,1,46,2.17%,6.72
замена экрана на xr,1,46,2.17%,7.72
замена экрана айфон 16 про цена,1,46,2.17%,8.11
замена аккумулятора iphone 8 plus цена,1,46,2.17%,13.96
ремонт айпод,1,46,2.17%,31.65
не работает кнопка беззвучного режима iphone 11,1,45,2.22%,1.16
замена камеры айфон 14 про макс,1,45,2.22%,9.24
сервисы айфон,1,45,2.22%,13.02
замена камеры айфон 16,1,45,2.22%,13.98
где микрофон у айфона 14,1,44,2.27%,2.32
замена батарейки iphone 7,1,44,2.27%,2.89
замена стекла на айфон 15 про макс,1,44,2.27%,8.43
аккумулятор iphone 12,1,44,2.27%,9.98
ремонт экрана айфон 16 про макс,1,44,2.27%,13.11
замена батареи айфон 14,1,44,2.27%,13.57
ремонт экрана айфон 13 про,1,44,2.27%,16.36
iphone 8 замена аккумулятора,1,44,2.27%,22.2
замена шлейфа зарядки iphone xr,1,43,2.33%,10.49
ремонт камеры айфон 14 про макс,1,43,2.33%,11.02
замена батареи iphone 14 pro max,1,43,2.33%,13.47
кнопка беззвучного режима iphone 11,1,42,2.38%,5.86
замена аккумулятора iphone 17,1,42,2.38%,10.62
замена gsm модуля iphone 11,1,42,2.38%,11.21
замена экрана айфон 6,1,42,2.38%,12.76
замена экрана iphone 14 цена,1,42,2.38%,13.21
ремонт дисплея айфон 11,1,42,2.38%,15.02
замена аккумулятора айфон xr цена,1,41,2.44%,6.54
замена разъема зарядки iphone 13 цена,1,41,2.44%,7.66
замена дисплея айфон 15,1,41,2.44%,15.88
сколько стоит замена контроллера питания,1,41,2.44%,22.98
замена материнской платы айфон 14,1,40,2.5%,2.9
корпус айфон 16 про макс,1,40,2.5%,3.85
сколько стоит поменять камеру на айфон 12,1,40,2.5%,6.97
ремонт заднего стекла айфон 14 про,1,40,2.5%,7.8
замена батареи iphone 13 mini,1,40,2.5%,8.12
замена задней панели айфон 14 про макс,1,40,2.5%,10.3
замена микрофона айфон 15,1,40,2.5%,15.68
замена матрицы айфон 13,1,39,2.56%,5.36
чистка микрофона,1,39,2.56%,6.69
контроллер питания айфон 13,1,39,2.56%,6.72
айфон ремонт москва,1,39,2.56%,9.38
замена дисплея айфон 7,1,39,2.56%,22.13
замена клавиатуры macbook air m1,1,39,2.56%,30.13
замена стекла на часах apple watch 8,1,38,2.63%,3.05
замена дисплея macbook air 2020,1,38,2.63%,4.74
сколько стоит перепрошить айфон 12,1,38,2.63%,5.71
поменять дисплей на айфон 13 про,1,38,2.63%,7.55
замена разъема зарядки айфон 16,1,38,2.63%,9.34
почистить разъем айфона,1,38,2.63%,9.37
замена акб на айфон 12 про,1,38,2.63%,9.84
замена батареи макбук 13,1,38,2.63%,10.26
замена камеры на айфон 13 про макс,1,38,2.63%,24.84
сколько стоит поменять экран на айфон 17 про макс,1,37,2.7%,5.54
сколько стоит поменять защитное стекло на айфоне,1,37,2.7%,6.54
iphone 13 pro замена задней крышки,1,37,2.7%,7.73
замена аккумулятора ipad mini 6,1,37,2.7%,7.89
замена матрицы iphone 14 pro,1,37,2.7%,10.14
ремонт дисплея айфон 14 про макс,1,37,2.7%,11.3
замена камеры iphone 14 pro,1,37,2.7%,13.22
замена батареи iphone 14,1,37,2.7%,17.76
аккумулятор iphone 13,1,36,2.78%,7.61
замена акб айфон 13 про,1,36,2.78%,9.22
замена аккумулятора в макбуке,1,36,2.78%,11.25
замена аккумулятора ipad pro 12.9,1,36,2.78%,11.5
ремонт макбук москва,1,36,2.78%,20.56
замена аккумулятора macbook pro 2019,1,36,2.78%,22.89
iphone 13 pro max замена батареи,1,35,2.86%,3.09
ремонт макбук 13,1,35,2.86%,4.89
замена батарейки айфон 11,1,35,2.86%,10.26
замена экрана на айфон 16 про,1,34,2.94%,1.94
замена экрана на айфон 16 про макс,1,34,2.94%,4.74
замена стекла на iphone 16,1,34,2.94%,8.35
замена чипа памяти на айфоне,1,34,2.94%,10.03
замена дисплея iphone 13 pro цена,1,34,2.94%,10.5
контроллер питания iphone 11,1,34,2.94%,18.85
замена дисплея на айфон xr цена,1,34,2.94%,21.29
замена слухового динамика iphone 13,1,33,3.03%,3.3
замена аккумулятора 13 pro max,1,33,3.03%,4.09
замена сетки динамика iphone x,1,33,3.03%,6.61
замена стекла на айфон 17,1,33,3.03%,7.73
айфон замена батареи,1,33,3.03%,10.79
ремонт face id iphone 14 pro max,1,33,3.03%,14.97
замена аккумулятора ipad pro 9.7,1,33,3.03%,20
замена модема iphone 13,1,32,3.12%,1
замена батареи apple watch se,1,32,3.12%,2.91
замена модуля связи айфон 13,1,32,3.12%,3.69
замена дисплея 16 про макс,1,32,3.12%,7.78
замена стекла макбук,1,32,3.12%,8.19
сколько стоит замена аккумулятора на айфон 14 про макс,1,32,3.12%,9.31
замена аккумулятора на iphone 13 pro max,1,32,3.12%,14.34
обнаружен новый дисплей айфон,1,31,3.23%,4.13
ремонт задней крышки iphone 13,1,31,3.23%,5
замена динамика iphone 12 цена,1,31,3.23%,7.71
ремонт face id,1,31,3.23%,7.74
замена гнезда зарядки айфон 15,1,31,3.23%,7.87
замена экрана на macbook air 13 цена,1,31,3.23%,10.52
сколько стоит замена экрана айфон 13 про,1,31,3.23%,11.84
ремонт ipad air 4,1,31,3.23%,15.74
замена экрана на айфоне,1,31,3.23%,16.19
iphone 14 pro max замена аккумулятора,1,31,3.23%,16.23
apple watch se замена стекла,1,30,3.33%,11.9
ремонт айфона 7,1,30,3.33%,15.17
ремонт фейс айди айфон 12,1,29,3.45%,2.1
дисплей неизвестная деталь,1,29,3.45%,4.86
замена акб 13 про,1,29,3.45%,5.83
поменять заднюю крышку iphone 13,1,29,3.45%,6.38
замена батарейки на айфон 5,1,29,3.45%,9.1
ремонт дисплея айфон 16 про макс,1,29,3.45%,10.07
замена заднего стекла iphone 16 plus,1,29,3.45%,10.59
сертифицированный центр apple,1,29,3.45%,12.66
замена стекла iphone air,1,29,3.45%,16.31
замена акб macbook pro 13,1,29,3.45%,23.55
замена тачскрина iphone 12,1,29,3.45%,24.31
замена матрицы макбук м1,1,28,3.57%,8.93
ремонт айфон хс,1,28,3.57%,9.29
ремонт face id iphone 15 pro,1,28,3.57%,9.32
ремонт стекла iphone 14 pro,1,28,3.57%,9.43
замена корпуса айфон 17 про,1,28,3.57%,11.64
замена батареи айфон 10,1,28,3.57%,14.04
замена разъема зарядки iphone 14 plus,1,28,3.57%,17.68
iphone 11 pro max замена заднего стекла,1,28,3.57%,21.54
ремонт экрана айфон 15 про макс,1,28,3.57%,26.36
сколько стоит заменить аккумулятор на айфон 13 про макс,1,27,3.7%,3.41
замена батарейки айфон 13,1,27,3.7%,7.44
сколько стоит поменять матрицу на айфоне 11,1,27,3.7%,10.44
замена ssd на macbook pro 2015,1,27,3.7%,10.81
замена стекла на iphone 16 pro max,1,27,3.7%,12.15
ремонт айфона рядом,1,27,3.7%,12.37
чистка макбука,1,27,3.7%,13.22
починить экран айфон 11,1,27,3.7%,14.04
замена кнопки включения iphone 15 pro,1,27,3.7%,15.81
замена экрана айфон 12 pro,1,27,3.7%,19.67
как отвязать макбук от icloud,1,26,3.85%,6.15
замена микрофона айфон 15 про,1,26,3.85%,8.69
замена задней крышки iphone 13 mini,1,26,3.85%,10.04
сколько стоит заменить матрицу на макбуке,1,26,3.85%,10.69
замена динамика айфон 12 про,1,26,3.85%,11.77
замена аккумулятора айфон 6s,1,26,3.85%,16.04
поменять экран на айфон 14 про макс,1,26,3.85%,16.88
замена аккумулятора на мак,1,26,3.85%,27.08
сколько стоит почистить разъем зарядки,1,25,4%,3.2
чистка динамика айфон цена,1,25,4%,6
re pair,1,25,4%,6.32
заменить аккумулятор macbook pro,1,25,4%,6.36
замена аккумулятора iphone 12 москва,1,25,4%,9.56
реставрация айфона,1,25,4%,11.4
ремонт разъема айфон 11,1,25,4%,13.96
сдать айфон в трейд ин москва,1,25,4%,15.6
поменять стекло айфон 13,1,25,4%,39.16
замена заднего стекла 14 про макс,1,24,4.17%,4.58
iphone 11 замена разъема зарядки,1,24,4.17%,4.67
ремонт iphone москва официальный сервис,1,24,4.17%,6.17
замена аккумулятора 13 про,1,24,4.17%,6.33
плата на айфон 14,1,24,4.17%,6.58
замена аккумулятора 13 про макс,1,24,4.17%,8.5
замена аккумулятора xr,1,24,4.17%,9.12
замена дисплея 12 айфон,1,24,4.17%,9.25
сколько стоит замена экрана айфон 12,1,24,4.17%,10.92
восстановление face id,1,24,4.17%,11.12
замена разъема зарядки iphone 16 pro,1,24,4.17%,11.33
аудиокодек iphone 7 купить,1,24,4.17%,12.71
авторизованный сервисный центр apple,1,24,4.17%,16.92
замена экрана 14 про макс,1,23,4.35%,4.87
замена камеры айфон 12 цена,1,23,4.35%,5.78
заменить аккумулятор iphone 14 pro,1,23,4.35%,8.26
замена аккумулятора macbook pro 13 2013,1,23,4.35%,8.39
iphone 5 замена аккумулятора,1,23,4.35%,10.87
замена батареи айфон 14 про цена,1,23,4.35%,10.87
замена корпуса iphone 16 plus,1,23,4.35%,12.39
iphone 8 plus замена аккумулятора цена,1,23,4.35%,13.48
замена акб iphone 14 pro max,1,23,4.35%,14.7
замена аккумулятора на macbook pro,1,23,4.35%,22.13
ipad air 2 замена стекла,1,23,4.35%,22.91
iphone 4 замена аккумулятора,1,23,4.35%,24.74
замена батареи айфон 15,1,22,4.55%,10.09
замена задней панели iphone 14 pro,1,22,4.55%,10.68
замена акб iphone 13 pro цена,1,22,4.55%,10.73
замена акб на айфон 13 про макс,1,21,4.76%,4.1
реболл процессора телефона цена,1,21,4.76%,4.48
замена экрана на эпл вотч се,1,21,4.76%,5.48
замена аккумулятора iphone 15 pro оригинал,1,21,4.76%,7.57
замена стекла айфон 17 про,1,21,4.76%,8.62
замена материнской платы айфон 15 про,1,21,4.76%,9.48
замена аккумулятора iphone 14 pro max оригинал,1,21,4.76%,10.24
проверка сенсора айфон,1,21,4.76%,10.52
замена матрицы macbook air m2,1,21,4.76%,10.71
iphone 12 аккумулятор,1,21,4.76%,15.9
замена батареи на айфон 11 про,1,21,4.76%,27.86
чистка динамика айфон от воды,1,20,5%,6.7
поменять стекло айфон,1,20,5%,9.35
iphone 14 pro замена задней крышки,1,20,5%,11
iphone 13 pro max замена заднего стекла,1,20,5%,12.3
замена аккумулятора на айфон 17,1,20,5%,12.6
ремонт айфона 15,1,20,5%,12.9
замена аккумулятора на айфон х,1,20,5%,14.35
замена задней крышки iphone 15 pro,1,20,5%,30.3
замена батареи на iphone xr,1,20,5%,32.8
замена экрана 12 мини,1,20,5%,48.6
где поменять батарею на айфон,1,19,5.26%,6.32
замена стекла на айфон 16 про цена,1,19,5.26%,9.58
ремонт imac москва,1,19,5.26%,14.05
замена задней крышки айфон 12 мини цена,1,19,5.26%,23.05
iphone 15 pro замена заднего стекла,1,19,5.26%,24.53
замена батарейки на айфон 8,1,19,5.26%,27.68
замена аккумулятора в iphone,1,18,5.56%,4.67
ремонт разъема зарядки iphone 11,1,18,5.56%,6
ремонт айфон 13 про москва,1,18,5.56%,11.56
ремонт стекла айфон 12 про,1,18,5.56%,16.33
замена экрана на 12 айфон,1,18,5.56%,18.61
аккумулятор айфон 13 мини,1,18,5.56%,18.67
поменять аккумулятор на iphone xr оригинал,1,17,5.88%,2.82
поменять стекло на эпл вотч se,1,17,5.88%,3.35
iphone 16 pro max замена экрана,1,17,5.88%,6.24
замена экрана 17 про,1,17,5.88%,8.24
сколько стоит поменять заднюю крышку на айфон 14 про,1,17,5.88%,9.53
замена акб айфон 8,1,17,5.88%,17.18
айфон 13 про макс замена аккумулятора,1,16,6.25%,1.31
сколько стоит поменять экран на 17 про макс,1,16,6.25%,2.19
замена экрана 15 pro,1,16,6.25%,3.25
замена фейс айди айфон 11,1,16,6.25%,5
русификация клавиатуры macbook,1,16,6.25%,7.81
замена аккумулятора 14 про,1,16,6.25%,9.06
починить дисплей айфон 11,1,16,6.25%,14.88
замена дисплея макбук про 14,1,16,6.25%,26.88
заменить батарейку iphone,1,16,6.25%,33.44
поменять экран на айфон 13 про макс,1,16,6.25%,43
ремонт заднего стекла айфон 14 про макс,1,15,6.67%,4.2
замена задней крышки 13 про макс,1,15,6.67%,5.87
замена батареи на iphone 13 pro,1,15,6.67%,7.33
замена матрицы macbook m1,1,15,6.67%,9.93
чистка динамика звуком айфон,1,15,6.67%,10
сколько стоит замена аккумулятора на айфон 17,1,15,6.67%,14.6
замена экрана ipad 7,1,15,6.67%,15.53
замена батареи macbook pro 16 2019,1,15,6.67%,18
face id iphone 11,1,15,6.67%,21.13
замена экрана apple watch 6,1,15,6.67%,22.6
apple ремонт техники,1,15,6.67%,24.27
замена батареи apple watch 4 цена,1,14,7.14%,2.86
замена стекла apple watch 9,1,14,7.14%,3.71
замена экрана iphone 16 plus,1,14,7.14%,12.86
ремонт телефонов,1,13,7.69%,2.92
поменять аккумулятор на iphone 13 про,1,13,7.69%,4
поменять заднюю крышку iphone 13 pro max,1,13,7.69%,5
apple ремонт москва,1,13,7.69%,7.77
замена батарейки на айфон,1,13,7.69%,8.62
замена аккумулятора iphone 17 pro,1,13,7.69%,9.31
замена экрана 11 айфон,1,13,7.69%,15.23
замена аккумулятора iphone 7 оригинал,1,13,7.69%,17.15
замена задней панели iphone 13 pro max,1,13,7.69%,27.46
ремонт камеры iphone 13 pro max,1,13,7.69%,35.77
чистка клавиатуры macbook после залития,1,13,7.69%,40
замена экрана macbook pro 13 цена,1,12,8.33%,2.5
поменять батарею айфон 13,1,12,8.33%,5.67
замена экрана iphone 17 air,1,12,8.33%,6.92
сдать айфон,1,12,8.33%,7.67
неизвестная деталь,1,12,8.33%,10.92
замена разъема айфон 13,1,12,8.33%,12.83
официальный сервисный центр apple москва,1,12,8.33%,13.58
замена аккумулятора на айфон 5s,1,12,8.33%,14.92
сколько стоит заменить аккумулятор на айфоне 13,1,11,9.09%,3.36
переклейка стекла айфон,1,11,9.09%,3.45
поменять корпус айфон 13,1,11,9.09%,4.82
замена стекла на айпад 9,1,11,9.09%,4.91
замена термопасты макбук,1,11,9.09%,6.09
ремонт экрана iphone 13 pro,1,11,9.09%,6.55
замена задней крышки на айфон 13 про макс,1,11,9.09%,6.91
замена матрицы на айфон 11,1,11,9.09%,7.82
поставить защитное стекло на айфон цена,1,11,9.09%,8.45
поменять стекло на айфон 14 про,1,11,9.09%,8.82
замена аккумулятора 12 pro,1,11,9.09%,10.18
замена батареи на макбуке,1,11,9.09%,10.55
ремонт экрана iphone xs,1,11,9.09%,14.36
ремонт кнопки громкости на айфоне,1,11,9.09%,15.73
айфон замена акб,1,10,10%,4
поменять батарейку на айфон 13,1,10,10%,5.5
замена батареи айфон 13 pro,1,10,10%,6.4
замена батареи apple watch 5,1,10,10%,8.8
замена задней крышки iphone 14 plus,1,10,10%,9
проверка дисплея айфон,1,10,10%,10.4
phone repair,1,10,10%,10.9
замена стекла на iphone 12 pro,1,10,10%,11.3
замена акб на iphone 12 mini,1,10,10%,15.3
iphone 13 замена корпуса,1,10,10%,22.4
замена заднего стекла 13 про,1,9,11.11%,2.56
сколько стоит поставить защитное стекло на айфон 13,1,9,11.11%,2.78
iphone 14 pro max замена экрана,1,9,11.11%,4.78
задняя крышка iphone 13 pro max замена,1,9,11.11%,5.33
14 pro замена акб,1,9,11.11%,5.67
macbook pro 16 2019 замена аккумулятора,1,9,11.11%,5.78
замена экрана macbook pro 16 2019,1,9,11.11%,12
сколько стоит поменять экран на 13 про,1,8,12.5%,1.12
apple watch ultra замена аккумулятора,1,8,12.5%,2.5
замена аккумулятора iphone на оригинальный,1,8,12.5%,3
замена стекла apple watch se цена,1,8,12.5%,4.12
замена экрана на 14 про макс,1,8,12.5%,5.38
сменить аккумулятор айфон 13,1,8,12.5%,6.88